,precision,recall,f1-score,support
0,0.9995956754856289,0.9999648283624085,0.999780217848069,56864.0
1,0.974025974025974,0.7653061224489796,0.8571428571428571,98.0
accuracy,0.9995611109160493,0.9995611109160493,0.9995611109160493,0.9995611109160493
macro avg,0.9868108247558014,0.882635475405694,0.928461537495463,56962.0
weighted avg,0.9995516842152548,0.9995611109160493,0.999534818084207,56962.0
